{"cameraMode":{"drawMode":0,"name":"Shaded","section":"Shading Mode"},"sceneLighting":true,"audioPlay":false,"sceneViewState":{"m_AlwaysRefresh":false,"showFog":true,"showSkybox":true,"showFlares":true,"showImageEffects":true,"showParticleSystems":true,"showVisualEffectGraphs":true,"m_FxEnabled":true},"in2DMode":false,"pivot":{"x":1.0894954204559327,"y":-0.13640260696411134,"z":1.6131466627120972},"rotation":{"x":-0.31533360481262209,"y":-0.052066851407289508,"z":0.017330113798379899,"w":-0.9473928213119507},"size":0.6938007473945618,"orthographic":false}