{"cameraMode":{"drawMode":0,"name":"Shaded","section":"Shading Mode"},"sceneLighting":true,"audioPlay":false,"sceneViewState":{"m_AlwaysRefresh":false,"showFog":true,"showSkybox":true,"showFlares":true,"showImageEffects":true,"showParticleSystems":true,"showVisualEffectGraphs":true,"m_FxEnabled":true},"in2DMode":false,"pivot":{"x":-0.1688562035560608,"y":-0.23444503545761109,"z":0.6781887412071228},"rotation":{"x":-0.22351834177970887,"y":0.7027575373649597,"z":-0.25041908025741579,"w":-0.6272656321525574},"size":1.0511480569839478,"orthographic":false}